pr_number,head_repo,created_at,review_requested_at,reviewing_internally_at,closed_at
2073,google/xls,2025-04-28T23:01:31Z,,,
2072,xlsynth/xlsynth,2025-04-28T22:23:53Z,2025-04-28T22:23:53Z,,
2070,xlsynth/xlsynth,2025-04-28T22:07:34Z,2025-04-28T22:07:34Z,,
2069,google/xls,2025-04-28T20:25:38Z,,,
2068,google/xls,2025-04-28T19:13:14Z,,,
2067,xlsynth/xlsynth,2025-04-28T17:43:31Z,2025-04-28T17:43:31Z,,
2066,xlsynth/xlsynth,2025-04-28T16:13:07Z,2025-04-28T16:13:07Z,,
2065,google/xls,2025-04-28T15:27:13Z,,,2025-04-28T20:58:54Z
2064,antmicro/xls,2025-04-28T15:18:54Z,2025-04-28T15:18:54Z,,
2063,google/xls,2025-04-28T14:54:12Z,,,2025-04-28T15:39:01Z
2061,google/xls,2025-04-25T19:49:39Z,,,
2060,google/xls,2025-04-25T19:38:40Z,,,2025-04-25T20:32:34Z
2059,google/xls,2025-04-25T18:41:17Z,,,2025-04-25T20:09:01Z
2058,google/xls,2025-04-25T17:31:29Z,,,2025-04-25T20:12:11Z
2057,antmicro/xls,2025-04-25T15:41:32Z,2025-04-25T15:41:32Z,,
2056,google/xls,2025-04-25T00:28:44Z,2025-04-25T00:30:39Z,,2025-04-25T21:28:17Z
2055,google/xls,2025-04-24T23:58:39Z,,,2025-04-25T21:28:26Z
2051,allight/xls,2025-04-23T21:17:41Z,2025-04-23T21:17:41Z,,2025-04-25T00:31:29Z
2050,antmicro/xls,2025-04-23T20:44:14Z,,,
2047,benquike/xls,2025-04-22T18:57:37Z,2025-04-23T16:26:16Z,2025-04-25T16:23:50Z,2025-04-25T23:44:22Z
2044,benquike/xls,2025-04-16T18:56:28Z,2025-04-16T18:56:28Z,,2025-04-16T20:43:51Z
2041,allight/xls,2025-04-15T17:26:34Z,2025-04-15T17:26:34Z,,2025-04-18T18:07:06Z
2040,antmicro/xls,2025-04-15T09:54:31Z,2025-04-15T09:54:31Z,2025-04-24T14:01:04Z,2025-04-24T14:59:43Z
2034,allight/xls,2025-04-09T23:11:58Z,2025-04-09T23:11:58Z,2025-04-10T16:45:55Z,2025-04-10T22:17:42Z
2033,antmicro/xls,2025-04-07T16:18:08Z,2025-04-07T16:18:08Z,2025-04-09T15:06:40Z,2025-04-09T20:23:24Z
2032,schilkp/xls,2025-04-04T19:45:16Z,2025-04-04T21:26:19Z,2025-04-04T21:26:35Z,2025-04-04T21:57:40Z
2031,schilkp/xls,2025-04-04T09:54:14Z,2025-04-04T09:54:14Z,2025-04-04T17:30:20Z,2025-04-29T06:44:03Z
2030,schilkp/xls,2025-04-03T17:15:01Z,2025-04-03T18:13:15Z,2025-04-04T16:27:29Z,2025-04-04T17:47:53Z
2027,schilkp/xls,2025-04-02T19:09:55Z,,,
2026,schilkp/xls,2025-04-01T05:54:33Z,2025-04-01T05:54:33Z,2025-04-01T14:09:33Z,2025-04-01T18:17:24Z
2024,xlsynth/xlsynth,2025-03-31T14:04:45Z,2025-03-31T14:11:24Z,2025-03-31T22:05:50Z,2025-04-01T14:00:25Z
2023,ericastor/xls,2025-03-28T21:56:22Z,2025-03-28T21:56:22Z,2025-03-31T23:58:33Z,2025-04-01T22:41:33Z
2022,schilkp/xls,2025-03-28T17:35:17Z,2025-03-28T17:35:17Z,2025-03-31T13:22:16Z,2025-04-04T17:45:13Z
2020,schilkp/xls,2025-03-28T17:22:18Z,2025-03-28T17:22:18Z,2025-04-02T13:50:23Z,2025-04-02T17:38:37Z
2019,schilkp/xls,2025-03-28T08:12:29Z,2025-03-28T08:12:29Z,2025-03-28T14:37:35Z,2025-03-31T22:44:38Z
2015,xlsynth/xlsynth,2025-03-22T03:30:14Z,2025-03-22T03:30:14Z,2025-03-24T13:43:27Z,2025-03-24T15:48:15Z
2014,hzeller/xls,2025-03-21T23:12:28Z,2025-03-23T18:44:42Z,2025-03-23T18:44:38Z,2025-03-24T13:29:01Z
2013,xlsynth/xlsynth,2025-03-21T06:08:33Z,2025-03-21T06:42:30Z,2025-03-21T09:17:59Z,2025-03-24T18:18:34Z
2012,meheff/xls,2025-03-21T03:03:51Z,2025-03-21T03:04:17Z,2025-03-21T22:12:00Z,2025-03-21T23:44:35Z
2009,meheff/xls,2025-03-19T00:08:46Z,2025-03-19T00:09:19Z,,2025-03-21T03:15:42Z
2007,xlsynth/xlsynth,2025-03-18T16:44:04Z,2025-03-18T17:58:12Z,2025-03-21T03:16:44Z,2025-03-21T09:18:32Z
2005,schilkp/xls,2025-03-18T08:07:44Z,2025-03-18T08:07:44Z,2025-03-18T20:06:29Z,2025-03-18T22:53:29Z
2004,schilkp/xls,2025-03-18T08:01:56Z,2025-03-18T08:01:56Z,2025-03-18T20:06:17Z,2025-03-18T22:33:51Z
2003,xlsynth/xlsynth,2025-03-17T05:28:45Z,2025-03-17T14:46:22Z,2025-03-17T14:47:35Z,2025-03-17T16:47:39Z
2001,hzeller/xls,2025-03-14T00:19:43Z,2025-03-14T19:34:19Z,2025-03-14T19:59:17Z,2025-03-14T20:57:25Z
1995,schilkp/xls,2025-03-10T09:01:36Z,,2025-03-10T15:01:20Z,2025-03-10T15:55:51Z
1994,xlsynth/xlsynth,2025-03-09T23:49:53Z,,2025-03-10T03:31:10Z,2025-03-10T19:05:26Z
1993,schilkp/xls,2025-03-09T15:19:21Z,,2025-03-10T00:03:20Z,2025-03-10T13:17:28Z
1992,schilkp/xls,2025-03-09T06:57:10Z,2025-03-17T14:46:09Z,2025-03-18T22:32:17Z,2025-03-18T22:49:39Z
1991,xlsynth/xlsynth,2025-03-08T20:08:36Z,,2025-03-10T15:10:07Z,2025-03-11T17:54:47Z
1989,xlsynth/xlsynth,2025-03-07T23:03:50Z,,2025-03-07T23:11:03Z,2025-03-07T23:27:24Z
1987,xlsynth/xlsynth,2025-03-06T22:43:44Z,2025-03-06T22:43:44Z,2025-03-07T01:07:17Z,2025-03-17T17:54:21Z
1984,xlsynth/xlsynth,2025-03-06T16:53:22Z,2025-03-06T16:53:22Z,2025-03-06T17:09:49Z,2025-03-11T17:00:50Z
1979,schilkp/xls,2025-03-06T07:36:57Z,2025-03-06T18:35:51Z,2025-03-07T07:12:55Z,2025-03-07T16:25:01Z
1978,xlsynth/xlsynth,2025-03-06T04:18:23Z,,2025-03-08T00:47:37Z,2025-03-08T01:06:27Z
1977,xlsynth/xlsynth,2025-03-05T23:26:22Z,,2025-03-07T01:08:46Z,2025-03-07T02:32:51Z
1975,schilkp/xls,2025-03-05T12:56:16Z,2025-03-05T19:36:23Z,2025-03-18T20:05:54Z,2025-03-19T21:26:04Z
1972,xlsynth/xlsynth,2025-03-02T21:43:47Z,,2025-03-04T21:10:47Z,2025-03-05T21:34:01Z
1971,xlsynth/xlsynth,2025-03-01T22:11:55Z,2025-03-01T22:11:55Z,2025-03-02T21:06:08Z,2025-03-02T23:17:31Z
1967,xlsynth/xlsynth,2025-02-28T09:29:37Z,2025-02-28T19:45:06Z,2025-03-03T18:28:11Z,2025-03-03T19:17:31Z
1966,xlsynth/xlsynth,2025-02-28T07:57:41Z,,2025-02-28T19:44:18Z,2025-02-28T21:08:04Z
1965,xlsynth/xlsynth,2025-02-28T05:15:28Z,,2025-02-28T19:40:39Z,2025-02-28T20:59:23Z
1960,meheff/xls,2025-02-27T23:50:57Z,2025-02-27T23:55:49Z,2025-02-28T02:55:03Z,2025-02-28T08:06:39Z
1957,dank-openai/xls,2025-02-27T00:58:24Z,,2025-02-27T18:00:42Z,2025-02-28T16:32:04Z
1955,schilkp/xls,2025-02-25T06:40:00Z,,2025-02-25T21:35:52Z,2025-02-25T22:14:06Z
1952,schilkp/xls,2025-02-24T20:00:32Z,,2025-02-25T17:25:35Z,2025-02-25T17:47:51Z
1950,schilkp/xls,2025-02-24T18:31:35Z,,2025-02-24T18:32:36Z,2025-02-24T19:31:00Z
1948,xlsynth/xlsynth,2025-02-23T06:37:31Z,2025-02-24T17:53:53Z,2025-02-26T17:38:55Z,2025-02-26T18:12:34Z
1947,xlsynth/xlsynth,2025-02-23T01:51:53Z,,2025-02-24T17:53:02Z,2025-02-24T19:27:14Z
1946,xlsynth/xlsynth,2025-02-22T20:11:10Z,,2025-02-24T17:52:02Z,2025-02-25T23:12:36Z
1945,schilkp/xls,2025-02-22T14:00:18Z,2025-02-24T18:05:45Z,2025-02-24T18:20:30Z,2025-02-25T18:50:06Z
1944,xlsynth/xlsynth,2025-02-22T07:53:53Z,,2025-02-24T17:50:44Z,2025-02-26T20:12:35Z
1938,xlsynth/xlsynth,2025-02-17T19:36:31Z,2025-02-19T07:03:27Z,2025-02-19T07:03:26Z,2025-02-21T13:55:20Z
1935,xlsynth/xlsynth,2025-02-15T18:45:15Z,2025-02-19T07:05:04Z,2025-02-19T07:05:09Z,2025-02-19T17:09:25Z
1932,hzeller/xls,2025-02-14T23:55:41Z,2025-02-14T23:55:46Z,2025-02-15T00:08:37Z,2025-02-15T00:45:03Z
1931,xlsynth/xlsynth,2025-02-14T18:28:55Z,,2025-02-15T00:16:08Z,2025-02-15T02:19:39Z
1927,schilkp/xls,2025-02-12T08:41:46Z,2025-02-12T18:19:20Z,2025-02-13T20:54:34Z,2025-02-27T00:12:13Z
1926,schilkp/xls,2025-02-12T07:58:06Z,,2025-02-12T16:51:42Z,2025-02-12T18:21:58Z
1925,grebe/xls,2025-02-11T21:18:22Z,2025-02-11T21:18:22Z,2025-02-11T22:04:23Z,2025-02-11T23:09:07Z
1924,xlsynth/xlsynth,2025-02-11T18:38:59Z,2025-02-11T20:52:15Z,2025-02-14T15:38:33Z,2025-02-17T03:02:22Z
1923,xlsynth/xlsynth,2025-02-09T19:57:37Z,2025-02-11T00:53:44Z,2025-02-11T03:46:56Z,2025-02-11T23:45:06Z
1922,xlsynth/xlsynth,2025-02-09T08:19:52Z,2025-02-11T04:03:43Z,2025-02-11T04:19:32Z,2025-02-11T23:24:23Z
1921,xlsynth/xlsynth,2025-02-09T07:10:07Z,2025-02-11T00:55:10Z,2025-02-14T15:39:22Z,2025-02-18T04:53:54Z
1919,xlsynth/xlsynth,2025-02-08T22:09:29Z,2025-02-11T03:36:30Z,2025-02-11T04:19:07Z,2025-02-11T23:34:25Z
1916,schilkp/xls,2025-02-07T10:16:21Z,2025-02-22T13:43:18Z,2025-03-05T23:49:17Z,2025-03-06T19:05:44Z
1915,xlsynth/xlsynth,2025-02-07T06:28:02Z,2025-02-12T18:01:20Z,2025-02-12T20:02:33Z,2025-02-14T19:55:37Z
1914,hzeller/xls,2025-02-06T22:38:31Z,2025-02-06T23:22:50Z,2025-02-06T23:54:02Z,2025-02-07T02:40:09Z
1910,xlsynth/xlsynth,2025-02-06T06:26:55Z,,2025-02-06T17:47:28Z,2025-02-06T19:50:24Z
1907,schilkp/xls,2025-02-04T12:16:17Z,,2025-02-04T15:59:13Z,2025-02-06T15:13:52Z
1905,xlsynth/xlsynth,2025-02-03T08:22:37Z,,2025-02-04T17:09:15Z,2025-02-06T00:29:35Z
1902,xlsynth/xlsynth,2025-02-02T01:12:05Z,,2025-02-03T17:55:28Z,2025-02-03T19:14:17Z
1901,xlsynth/xlsynth,2025-01-31T06:27:29Z,,2025-01-31T16:56:03Z,2025-01-31T18:44:13Z
1896,schilkp/xls,2025-01-29T20:21:08Z,2025-01-29T23:10:04Z,2025-02-27T16:00:50Z,2025-03-03T22:32:40Z
1894,xlsynth/xlsynth,2025-01-28T02:09:03Z,2025-01-28T19:57:58Z,2025-01-31T17:30:56Z,2025-01-31T18:34:48Z
1893,hzeller/xls,2025-01-27T22:50:22Z,2025-01-27T23:45:54Z,2025-02-04T07:21:19Z,2025-02-05T18:55:22Z
1891,xlsynth/xlsynth,2025-01-27T03:16:06Z,,2025-01-27T19:06:08Z,2025-01-29T15:34:45Z
1890,xlsynth/xlsynth,2025-01-26T22:31:01Z,,2025-01-27T19:05:24Z,2025-01-29T14:47:33Z
1889,xlsynth/xlsynth,2025-01-26T21:11:14Z,,2025-01-27T19:04:35Z,2025-01-29T20:01:56Z
1888,xlsynth/xlsynth,2025-01-25T19:47:46Z,,2025-01-27T19:03:23Z,2025-01-27T22:11:47Z
1887,xlsynth/xlsynth,2025-01-25T05:34:24Z,,2025-01-27T18:52:22Z,2025-01-27T19:40:22Z
1886,xlsynth/xlsynth,2025-01-25T04:14:00Z,,,2025-01-27T18:02:43Z
1884,xlsynth/xlsynth,2025-01-24T18:24:20Z,2025-01-24T18:56:43Z,2025-01-27T18:51:39Z,2025-01-29T18:19:06Z
1882,xlsynth/xlsynth,2025-01-24T04:51:20Z,,2025-01-24T18:57:57Z,2025-01-29T15:24:38Z
1881,xlsynth/xlsynth,2025-01-24T04:20:22Z,,2025-01-24T18:55:56Z,2025-01-27T20:57:00Z
1880,xlsynth/xlsynth,2025-01-24T01:07:31Z,2025-01-24T01:07:31Z,2025-01-24T01:52:35Z,2025-01-24T15:20:36Z
1878,xlsynth/xlsynth,2025-01-23T19:43:33Z,,2025-01-24T18:55:19Z,2025-01-30T19:22:28Z
1873,xlsynth/xlsynth,2025-01-22T21:58:15Z,2025-01-22T21:58:15Z,2025-01-22T22:05:28Z,2025-01-24T01:04:38Z
1871,xlsynth/xlsynth,2025-01-20T00:00:07Z,,2025-01-22T16:17:07Z,2025-01-22T17:26:41Z
1869,xlsynth/xlsynth,2025-01-19T19:03:29Z,,2025-01-22T17:28:16Z,2025-01-24T13:40:25Z
1866,schilkp/xls,2025-01-17T08:46:03Z,,2025-02-04T14:01:51Z,2025-02-04T14:54:27Z
1865,xlsynth/xlsynth,2025-01-17T06:03:14Z,,2025-01-17T21:40:12Z,2025-01-18T00:45:41Z
1864,xlsynth/xlsynth,2025-01-16T22:45:43Z,,2025-01-17T21:38:50Z,2025-01-22T18:09:12Z
1857,antmicro/xls,2025-01-15T16:32:34Z,2025-01-15T16:32:34Z,2025-04-09T14:43:32Z,
1856,schilkp/xls,2025-01-15T09:13:11Z,,2025-01-15T14:10:53Z,2025-02-04T08:57:48Z
1855,schilkp/xls,2025-01-15T08:22:11Z,,2025-01-15T14:13:29Z,2025-01-16T09:52:51Z
1854,schilkp/xls,2025-01-15T07:59:09Z,,2025-01-15T14:10:02Z,2025-01-16T06:33:24Z
1853,schilkp/xls,2025-01-15T06:56:18Z,,2025-01-15T14:12:54Z,2025-02-04T09:04:05Z
1852,schilkp/xls,2025-01-15T06:45:55Z,,2025-01-15T14:10:32Z,2025-01-15T15:18:59Z
1851,schilkp/xls,2025-01-15T06:45:42Z,,2025-01-15T14:10:20Z,2025-01-15T15:09:23Z
1849,xlsynth/xlsynth,2025-01-14T19:32:20Z,,2025-01-15T00:09:05Z,2025-01-15T15:58:52Z
1846,antmicro/xls,2025-01-13T13:29:43Z,,,
1845,schilkp/xls,2025-01-13T09:13:17Z,,2025-01-13T14:44:31Z,2025-01-13T16:22:17Z
1844,schilkp/xls,2025-01-13T09:00:47Z,,2025-01-13T14:43:50Z,2025-01-13T16:24:47Z
1843,schilkp/xls,2025-01-13T08:45:16Z,,2025-01-15T14:12:24Z,2025-02-04T14:41:54Z
1842,xlsynth/xlsynth,2025-01-10T20:34:35Z,,2025-01-14T00:52:23Z,2025-01-18T00:32:03Z
1839,xlsynth/xlsynth,2025-01-10T04:08:41Z,,2025-01-13T15:06:46Z,2025-01-14T18:13:28Z
1837,xlsynth/xlsynth,2025-01-10T02:46:04Z,,2025-01-13T22:54:25Z,2025-01-14T15:15:43Z
1834,schilkp/xls,2025-01-07T14:37:06Z,,2025-01-07T23:47:09Z,2025-01-09T18:10:23Z
1833,schilkp/xls,2025-01-07T14:33:29Z,2025-01-07T21:41:52Z,2025-01-07T23:45:00Z,2025-01-09T17:47:14Z
1832,xlsynth/xlsynth,2025-01-07T04:58:37Z,2025-01-08T05:12:15Z,2025-01-07T21:50:59Z,2025-01-10T21:59:33Z
1829,xlsynth/xlsynth,2025-01-05T19:52:48Z,,2025-01-06T18:50:12Z,2025-01-06T23:05:55Z
1828,xlsynth/xlsynth,2025-01-04T21:55:26Z,2025-01-07T05:07:14Z,2025-01-06T18:46:22Z,2025-01-09T17:16:15Z
1827,xlsynth/xlsynth,2025-01-04T21:30:31Z,,2025-01-06T18:44:52Z,2025-01-06T20:07:32Z
1825,xlsynth/xlsynth,2025-01-03T01:50:19Z,,2025-01-03T02:08:49Z,2025-01-07T01:45:05Z
1824,xlsynth/xlsynth,2025-01-02T06:29:57Z,,2025-01-03T02:04:11Z,2025-01-06T19:29:18Z
1823,xlsynth/xlsynth,2025-01-02T05:59:03Z,2025-01-02T05:59:07Z,2025-01-02T16:18:50Z,2025-01-02T22:25:55Z
1822,xlsynth/xlsynth,2025-01-02T05:25:02Z,,2025-01-02T16:17:15Z,2025-01-02T22:45:09Z
1820,xlsynth/xlsynth,2024-12-31T20:24:55Z,,2025-01-02T16:15:45Z,2025-01-02T22:19:39Z
1819,xlsynth/xlsynth,2024-12-31T04:18:28Z,,2025-01-02T17:53:58Z,2025-01-06T21:34:31Z
1818,xlsynth/xlsynth,2024-12-31T00:54:20Z,,2025-01-02T15:53:58Z,2025-01-02T22:46:33Z
1817,xlsynth/xlsynth,2024-12-30T22:36:01Z,,2025-01-02T15:50:05Z,2025-01-06T19:21:58Z
1816,xlsynth/xlsynth,2024-12-30T21:39:03Z,,2024-12-30T22:20:15Z,2024-12-30T23:06:27Z
1815,hzeller/xls,2024-12-29T22:45:56Z,2024-12-29T22:46:01Z,2025-01-08T06:15:36Z,2025-01-08T19:14:17Z
1812,xlsynth/xlsynth,2024-12-21T22:32:51Z,,,2024-12-23T17:11:46Z
1809,xlsynth/xlsynth,2024-12-20T04:37:22Z,,2024-12-23T19:22:00Z,2024-12-23T20:26:29Z
1808,xlsynth/xlsynth,2024-12-20T03:33:35Z,,2024-12-23T18:09:10Z,2024-12-23T18:50:20Z
1807,xlsynth/xlsynth,2024-12-20T01:21:55Z,,2024-12-23T19:22:21Z,2024-12-23T20:32:49Z
1802,xlsynth/xlsynth,2024-12-18T06:54:59Z,,2024-12-18T19:03:09Z,2024-12-18T19:12:33Z
1801,xlsynth/xlsynth,2024-12-18T04:05:02Z,,2024-12-18T19:04:55Z,2024-12-18T19:30:08Z
1800,xlsynth/xlsynth,2024-12-17T19:29:42Z,,2024-12-18T19:05:36Z,2024-12-18T21:59:38Z
1799,xlsynth/xlsynth,2024-12-17T18:02:14Z,,2024-12-17T18:58:09Z,2024-12-19T19:02:58Z
1798,schilkp/xls,2024-12-17T10:27:54Z,,2024-12-17T14:10:01Z,2024-12-17T19:00:22Z
1793,xlsynth/xlsynth,2024-12-13T02:18:32Z,,2024-12-13T17:30:18Z,2024-12-13T21:06:36Z
1792,xlsynth/xlsynth,2024-12-12T05:50:18Z,2024-12-12T05:50:18Z,2024-12-12T19:19:03Z,2024-12-12T19:35:54Z
1791,xlsynth/xlsynth,2024-12-12T02:41:27Z,,2024-12-13T00:51:49Z,2024-12-13T20:40:53Z
1790,xlsynth/xlsynth,2024-12-12T02:21:05Z,,2024-12-12T03:28:38Z,2024-12-12T22:24:48Z
1788,schilkp/xls,2024-12-11T09:36:39Z,,2024-12-11T21:40:06Z,2024-12-12T08:56:46Z
1787,schilkp/xls,2024-12-11T09:28:54Z,,2024-12-13T00:45:37Z,2024-12-13T16:10:39Z
1785,xlsynth/xlsynth,2024-12-11T03:54:03Z,,2024-12-11T04:07:25Z,2024-12-12T20:03:12Z
1780,xlsynth/xlsynth,2024-12-10T16:40:21Z,,2024-12-10T17:01:41Z,2024-12-13T01:27:41Z
1777,xlsynth/xlsynth,2024-12-08T20:39:50Z,,2024-12-09T18:22:06Z,2024-12-10T22:11:07Z
1775,xlsynth/xlsynth,2024-12-08T06:20:42Z,,2024-12-10T16:59:08Z,2024-12-11T01:04:12Z
1774,xlsynth/xlsynth,2024-12-07T22:57:47Z,,2024-12-10T16:56:42Z,2024-12-11T06:34:22Z
1759,hzeller/xls,2024-12-03T13:44:04Z,2024-12-03T13:44:12Z,2024-12-03T21:14:54Z,2024-12-04T19:27:11Z
1758,xlsynth/xlsynth,2024-12-03T02:51:36Z,,2024-12-03T13:16:29Z,2024-12-04T21:51:48Z
1755,xlsynth/xlsynth,2024-12-02T09:34:07Z,,2024-12-02T17:50:09Z,2024-12-02T18:35:56Z
1754,xlsynth/xlsynth,2024-11-30T19:34:17Z,,2024-12-02T18:12:48Z,2024-12-02T20:56:53Z
1753,xlsynth/xlsynth,2024-11-29T19:29:33Z,2024-12-02T18:13:06Z,2024-12-02T18:37:46Z,2024-12-02T19:25:40Z
1751,xlsynth/xlsynth,2024-11-28T17:24:19Z,2024-11-28T17:24:19Z,2024-12-02T18:10:20Z,2024-12-02T20:32:43Z
1745,gdurfee0/xls,2024-11-28T04:51:16Z,2024-12-13T17:21:52Z,,2025-03-05T09:19:44Z
1740,xlsynth/xlsynth,2024-11-21T19:29:55Z,2024-11-21T19:29:55Z,2024-11-21T20:01:45Z,2024-11-22T02:29:34Z
1737,xlsynth/xlsynth,2024-11-21T09:18:21Z,,2024-11-22T17:36:03Z,2024-11-27T00:36:39Z
1725,xlsynth/xlsynth,2024-11-18T06:21:52Z,,2024-11-18T16:38:29Z,2024-11-18T17:15:47Z
1724,xlsynth/xlsynth,2024-11-17T04:47:35Z,,2024-11-18T16:38:41Z,2024-11-18T17:11:34Z
1723,xlsynth/xlsynth,2024-11-17T00:23:50Z,,2024-11-21T18:12:14Z,2024-11-21T20:07:13Z
1720,xlsynth/xlsynth,2024-11-15T08:28:23Z,2024-11-15T08:28:38Z,2024-11-15T17:50:23Z,2024-11-18T16:26:09Z
1709,xlsynth/xlsynth,2024-11-13T03:20:48Z,,2024-11-14T03:50:35Z,2024-11-14T23:47:11Z
1707,xlsynth/xlsynth,2024-11-12T04:14:43Z,,2024-11-12T17:22:50Z,2024-11-12T22:39:50Z
1706,xlsynth/xlsynth,2024-11-11T20:39:31Z,,2024-11-11T22:01:13Z,2024-11-12T19:11:08Z
1700,xlsynth/xlsynth,2024-11-07T03:57:01Z,,2024-11-08T20:54:50Z,2024-11-08T23:26:36Z
1699,xlsynth/xlsynth,2024-11-07T03:20:51Z,,2024-11-08T20:56:31Z,2024-11-09T02:25:55Z
1694,xlsynth/xlsynth,2024-11-03T09:03:28Z,,2024-11-06T17:44:42Z,2024-11-06T19:09:34Z
1692,xlsynth/xlsynth,2024-11-03T04:17:30Z,,2024-11-06T17:42:59Z,2024-11-06T19:11:28Z
1689,xlsynth/xlsynth,2024-11-02T00:55:17Z,,2024-11-06T17:42:18Z,2024-11-06T20:01:12Z
1684,proppy/xls,2024-11-01T21:18:22Z,,,2024-11-14T17:17:10Z
1672,xlsynth/xlsynth,2024-10-29T05:07:01Z,,2024-10-29T05:36:38Z,2024-10-30T02:55:11Z
1666,xlsynth/xlsynth,2024-10-21T01:18:31Z,,2024-10-24T16:54:19Z,2024-10-25T00:19:42Z
1665,xlsynth/xlsynth,2024-10-18T05:18:41Z,2024-10-28T17:53:32Z,2024-10-25T18:11:22Z,2024-10-29T00:01:07Z
1662,,2024-10-14T11:22:40Z,2024-10-14T14:53:00Z,2024-10-14T14:56:55Z,2024-10-14T17:56:02Z
1661,xlsynth/xlsynth,2024-10-13T23:41:14Z,2024-10-13T23:41:14Z,2024-10-14T18:55:39Z,2024-10-14T22:03:34Z
1658,hzeller/xls,2024-10-10T20:29:39Z,2024-10-10T22:45:43Z,,2024-11-26T06:09:56Z
1654,antmicro/xls,2024-10-09T15:33:10Z,,,2025-02-05T09:08:51Z
1650,hzeller/xls,2024-10-07T21:04:32Z,,,2024-10-08T16:03:02Z
1649,xlsynth/xlsynth,2024-10-06T21:25:33Z,,2024-10-07T13:42:21Z,2024-10-07T17:11:19Z
1648,xlsynth/xlsynth,2024-10-06T00:35:22Z,,2024-10-14T14:45:54Z,2024-10-14T19:38:52Z
1640,xlsynth/xlsynth,2024-09-28T02:11:28Z,2024-10-05T22:14:37Z,2024-10-03T12:43:15Z,2024-10-07T20:26:52Z
1629,hzeller/xls,2024-09-25T20:27:27Z,2024-09-25T20:27:31Z,2024-09-25T20:52:22Z,2024-09-25T22:19:27Z
1627,xlsynth/xlsynth,2024-09-24T20:51:16Z,2024-09-24T21:37:38Z,2024-09-30T14:07:06Z,2024-10-03T13:46:21Z
1622,xlsynth/xlsynth,2024-09-23T04:47:24Z,,2024-09-25T20:56:21Z,2024-09-26T16:34:16Z
1621,xlsynth/xlsynth,2024-09-22T17:40:53Z,,2024-09-24T15:51:50Z,2024-09-25T17:16:21Z
1620,xlsynth/xlsynth,2024-09-22T01:55:20Z,,2024-09-23T22:12:19Z,2024-09-25T17:08:20Z
1616,antmicro/xls,2024-09-20T15:23:59Z,,,2025-02-05T09:11:11Z
1613,antmicro/xls,2024-09-18T15:05:11Z,,2024-10-17T05:41:49Z,2024-10-21T22:06:00Z
1612,xlsynth/xlsynth,2024-09-18T02:48:42Z,2024-09-19T21:27:46Z,2024-09-20T06:00:45Z,2024-09-20T13:16:21Z
1607,xlsynth/xlsynth,2024-09-15T22:23:34Z,2024-09-16T18:36:58Z,2024-09-17T01:58:19Z,2024-09-17T17:51:48Z
1606,xlsynth/xlsynth,2024-09-14T22:03:21Z,,2024-09-18T13:39:50Z,2024-09-20T18:11:42Z
1605,xlsynth/xlsynth,2024-09-14T04:31:51Z,,2024-09-17T17:15:28Z,2024-09-17T18:13:02Z
1604,xlsynth/xlsynth,2024-09-12T22:55:47Z,,2024-09-12T23:58:38Z,2024-09-13T00:20:49Z
1602,xlsynth/xlsynth,2024-09-12T05:01:45Z,,2024-09-12T18:04:12Z,2024-09-12T18:18:29Z
1598,hzeller/xls,2024-09-11T21:49:59Z,,2024-09-11T21:59:02Z,2024-09-11T22:46:27Z
1596,hzeller/xls,2024-09-10T20:22:19Z,,2024-09-10T20:22:32Z,2024-09-11T20:40:19Z
1595,xlsynth/xlsynth,2024-09-10T04:06:31Z,2024-09-11T12:05:21Z,2024-09-11T12:06:16Z,2024-09-11T17:23:57Z
1594,xlsynth/xlsynth,2024-09-09T03:08:05Z,,2024-09-09T16:54:01Z,2024-09-09T23:15:01Z
1590,allight/xls,2024-09-05T17:43:03Z,2024-09-05T17:43:03Z,2024-09-05T21:54:52Z,2024-09-05T23:02:46Z
1588,xlsynth/xlsynth,2024-09-05T06:02:38Z,,2024-09-05T08:25:41Z,2024-09-05T16:12:42Z
1578,xlsynth/xlsynth,2024-09-01T18:01:33Z,2024-09-04T04:31:23Z,2024-09-04T04:35:29Z,2024-09-06T18:29:50Z
1577,google/xls,2024-08-31T01:16:22Z,2024-08-31T01:16:43Z,2024-08-31T01:16:53Z,2024-08-31T01:56:56Z
1570,hzeller/xls,2024-08-28T16:27:45Z,2024-08-28T18:56:03Z,2024-08-30T20:36:59Z,2024-09-03T21:22:35Z
1565,hzeller/xls,2024-08-26T21:26:12Z,2024-08-27T21:20:46Z,,2024-08-28T16:28:27Z
1564,xlsynth/xlsynth,2024-08-25T18:55:06Z,2024-08-26T18:17:31Z,2024-08-27T21:11:36Z,2024-08-31T01:59:35Z
1563,xlsynth/xlsynth,2024-08-25T07:39:37Z,,2024-08-26T18:16:37Z,2024-08-27T19:31:31Z
1562,xlsynth/xlsynth,2024-08-24T00:24:03Z,,2024-08-26T16:57:12Z,2024-08-27T18:11:53Z
1554,xlsynth/xlsynth,2024-08-23T07:39:51Z,,2024-08-23T15:42:45Z,2024-08-23T16:24:29Z
1550,antmicro/xls,2024-08-19T14:51:37Z,,2024-08-21T17:16:57Z,2024-08-22T06:12:21Z
1548,xlsynth/xlsynth,2024-08-18T20:41:23Z,,2024-08-19T16:41:54Z,2024-08-20T00:05:13Z
1546,xlsynth/xlsynth,2024-08-18T08:52:42Z,,2024-08-19T16:43:44Z,2024-08-19T22:36:10Z
1545,xlsynth/xlsynth,2024-08-18T07:56:47Z,,2024-08-19T16:57:46Z,2024-08-26T18:47:17Z
1544,xlsynth/xlsynth,2024-08-17T02:50:01Z,,2024-08-19T16:58:55Z,2024-08-20T16:31:00Z
1535,xlsynth/xlsynth,2024-08-08T22:54:27Z,2024-08-08T22:54:28Z,2024-08-12T18:10:05Z,2024-08-12T19:01:33Z
1529,xlsynth/xlsynth,2024-08-08T05:12:40Z,2024-08-08T05:12:40Z,2024-08-16T17:52:33Z,2024-08-21T20:33:10Z
1517,grebe/xls,2024-07-23T05:40:33Z,2024-07-23T05:40:33Z,2024-07-23T17:16:28Z,2024-07-23T20:13:37Z
1510,hzeller/xls,2024-07-11T23:54:10Z,,2024-07-11T23:54:47Z,2024-07-12T00:23:19Z
1506,hzeller/xls,2024-07-02T21:31:42Z,,2024-07-02T21:32:26Z,2024-07-02T22:43:23Z
1505,hzeller/xls,2024-07-02T18:28:05Z,,2024-07-02T18:28:24Z,2024-07-02T20:10:25Z
1503,hzeller/xls,2024-07-01T18:54:45Z,,2024-07-01T18:56:12Z,2024-07-01T21:19:27Z
1501,xlsynth/xlsynth,2024-06-28T19:29:25Z,,2024-06-28T21:27:18Z,2024-07-01T16:26:58Z
1499,xlsynth/xlsynth,2024-06-25T18:49:57Z,,2024-06-25T19:11:15Z,2024-06-25T19:19:17Z
1497,xlsynth/xlsynth,2024-06-19T22:46:53Z,,2024-06-20T12:31:01Z,2024-06-24T16:37:51Z
1496,xlsynth/xlsynth,2024-06-19T17:08:08Z,,2024-06-20T17:55:03Z,2024-06-21T17:58:57Z
1492,xlsynth/xlsynth,2024-06-18T20:01:42Z,,2024-06-18T21:13:07Z,2024-06-20T12:38:45Z
1488,antmicro/xls,2024-06-18T14:44:07Z,,2024-06-20T16:40:23Z,2024-06-24T21:43:24Z
1484,xlsynth/xlsynth,2024-06-15T19:50:34Z,2024-06-15T19:50:34Z,2024-06-17T01:12:38Z,2024-06-18T17:58:03Z
1483,xlsynth/xlsynth,2024-06-15T16:57:46Z,2024-06-18T20:08:14Z,2024-06-18T18:30:56Z,2024-06-18T22:34:45Z
1460,xlsynth/xlsynth,2024-06-05T17:49:59Z,,2024-06-05T17:56:07Z,2024-06-06T16:50:49Z
1458,xlsynth/xlsynth,2024-06-05T03:51:32Z,,2024-06-05T16:01:45Z,2024-06-05T16:37:08Z
1456,hzeller/xls,2024-06-04T17:51:54Z,2024-06-04T17:51:55Z,2024-06-04T18:19:42Z,2024-06-04T19:02:18Z
1454,bgelb-openai/xls,2024-06-04T05:25:59Z,,2024-06-04T20:16:51Z,2024-06-05T20:39:16Z
1443,xlsynth/xlsynth,2024-05-31T00:02:35Z,2024-05-31T00:02:35Z,2024-05-31T00:19:24Z,2024-06-03T21:52:38Z
1435,xlsynth/xlsynth,2024-05-28T01:54:59Z,,2024-05-29T16:08:25Z,2024-05-29T16:35:59Z
1430,antmicro/xls,2024-05-24T06:24:28Z,,,2025-01-20T13:33:12Z
1429,google/xls,2024-05-24T04:38:19Z,,,2024-05-27T02:57:26Z
1426,hzeller/xls,2024-05-22T17:50:08Z,,2024-05-22T17:50:21Z,2024-05-22T18:38:18Z
1424,hzeller/xls,2024-05-21T23:14:36Z,,2024-05-21T23:14:58Z,2024-05-22T01:51:30Z
1423,hzeller/xls,2024-05-21T19:51:48Z,2024-05-21T20:16:04Z,2024-05-21T20:17:49Z,2024-05-21T23:06:20Z
1421,HongshiTan/xls,2024-05-20T05:04:40Z,,,2024-05-20T05:09:29Z
1420,hzeller/xls,2024-05-18T00:14:35Z,2024-05-18T00:14:41Z,2024-05-24T10:53:43Z,2024-05-24T10:58:41Z
1419,hzeller/xls,2024-05-17T22:15:53Z,2024-05-17T22:16:03Z,2024-05-17T22:19:17Z,2024-05-21T00:51:09Z
1417,hzeller/xls,2024-05-17T18:27:57Z,2024-05-17T18:27:57Z,2024-05-17T18:34:46Z,2024-05-17T20:16:31Z
1416,antmicro/xls,2024-05-17T09:59:14Z,,2024-05-24T10:56:10Z,2024-05-29T09:05:55Z
1413,hzeller/xls,2024-05-17T00:14:12Z,2024-05-17T00:15:12Z,2024-05-17T00:15:39Z,2024-05-17T01:58:51Z
1395,antmicro/xls,2024-05-08T12:59:44Z,2024-05-08T17:16:06Z,2024-05-08T17:16:24Z,2024-05-08T17:46:18Z
1393,xlsynth/xlsynth,2024-05-02T03:25:33Z,,2024-05-16T21:48:24Z,2024-05-17T20:33:42Z
1390,cdleary/xls,2024-04-20T23:22:35Z,,2024-04-20T23:30:10Z,2024-05-28T01:58:12Z
1378,cdleary/xls,2024-04-11T07:05:34Z,2024-04-11T07:07:58Z,,2024-04-16T21:09:45Z
1370,proppy/xls,2024-04-05T17:17:32Z,,2024-04-05T17:35:25Z,2024-04-05T18:05:25Z
1362,antmicro/xls,2024-03-28T07:53:19Z,,,2025-01-20T13:32:21Z
1339,cunninghamsandwich/xls,2024-03-07T05:13:17Z,,2024-03-15T01:20:56Z,2024-03-15T21:29:32Z
1327,seiry/xls,2024-03-03T04:39:23Z,,2024-03-06T22:06:03Z,2024-03-07T22:15:30Z
1326,antmicro/xls,2024-03-01T13:27:02Z,,2024-03-02T21:37:54Z,2024-03-26T16:44:36Z
1325,swamiravi/xls,2024-03-01T01:29:55Z,,,2024-03-02T22:28:40Z
1315,antmicro/xls,2024-02-21T16:13:42Z,2024-02-22T17:52:40Z,2024-07-01T22:56:07Z,2024-08-16T04:21:24Z
1314,antmicro/xls,2024-02-21T09:57:02Z,,,2024-03-29T11:43:32Z
1298,gittywithexcitement/xls,2024-02-09T02:27:46Z,,2024-02-21T15:23:25Z,2024-02-22T04:35:26Z
1297,grebe/xls,2024-02-08T19:16:47Z,,,2024-03-28T15:50:41Z
1295,antmicro/xls,2024-02-08T16:53:13Z,,,2024-03-29T10:54:36Z
1294,grebe/xls,2024-02-07T18:49:12Z,,,2024-02-07T19:37:01Z
1292,gittywithexcitement/xls,2024-02-05T04:10:22Z,,2024-02-05T21:16:23Z,2024-02-06T23:50:01Z
1238,antmicro/xls,2023-12-22T21:23:52Z,,2024-02-21T16:49:08Z,2024-03-10T00:03:22Z
1230,antmicro/xls,2023-12-15T10:51:06Z,,2023-12-21T08:35:07Z,2023-12-21T10:53:33Z
1225,proppy/xls,2023-12-12T01:58:40Z,2023-12-12T01:58:40Z,2023-12-12T02:03:22Z,2023-12-12T02:36:42Z
1221,fredmon3/xls,2023-12-09T06:39:34Z,2023-12-11T18:29:25Z,2023-12-11T18:28:44Z,2023-12-11T19:04:30Z
1219,fredmon3/xls,2023-12-09T05:33:55Z,2023-12-11T18:31:21Z,2023-12-11T18:44:21Z,2023-12-11T19:12:59Z
1215,antmicro/xls,2023-11-30T16:01:16Z,2024-03-21T16:47:46Z,,
1214,antmicro/xls,2023-11-30T14:24:07Z,,,2024-03-29T11:43:19Z
1213,antmicro/xls,2023-11-30T14:17:26Z,,,2024-03-29T11:43:11Z
1212,antmicro/xls,2023-11-29T16:12:19Z,,,2024-03-29T10:54:05Z
1210,antmicro/xls,2023-11-29T15:16:55Z,2023-11-30T16:53:45Z,2023-11-30T16:55:31Z,2023-12-28T00:33:31Z
1204,antmicro/xls,2023-11-24T12:06:19Z,2024-01-18T08:25:28Z,,2024-02-23T11:43:36Z
1203,mithro/xls,2023-11-24T05:14:39Z,2023-11-24T05:14:40Z,2023-11-29T14:26:58Z,2023-11-29T14:36:35Z
1198,proppy/xls,2023-11-18T01:11:36Z,,,2024-02-29T01:14:02Z
1188,proppy/xls,2023-11-09T15:47:50Z,2023-11-09T15:55:12Z,2023-11-09T16:19:43Z,2023-11-09T17:29:23Z
1187,antmicro/xls,2023-11-09T12:36:28Z,,,2024-04-02T08:49:06Z
1183,antmicro/xls,2023-11-06T11:03:44Z,2023-11-10T12:38:02Z,2024-02-21T15:28:35Z,2024-03-08T03:42:46Z
1181,proppy/xls,2023-11-02T02:21:52Z,2023-11-02T02:21:56Z,2023-11-02T02:25:05Z,2023-11-02T16:20:09Z
1178,antmicro/xls,2023-10-31T15:03:49Z,,,2024-04-02T08:49:12Z
1177,antmicro/xls,2023-10-31T14:51:10Z,,,2024-04-02T08:49:17Z
1176,antmicro/xls,2023-10-31T14:46:15Z,,,2024-04-02T08:49:23Z
1175,hzeller/xls,2023-10-28T15:31:28Z,,2023-11-21T15:34:53Z,2024-02-09T19:38:44Z
1169,antmicro/xls,2023-10-26T14:52:43Z,,,2024-03-29T12:00:05Z
1168,antmicro/xls,2023-10-26T13:22:29Z,,,2024-03-29T12:02:32Z
1167,antmicro/xls,2023-10-26T12:50:31Z,,2024-02-22T17:35:41Z,2024-03-29T12:02:18Z
1166,antmicro/xls,2023-10-26T12:42:50Z,2023-11-09T13:43:18Z,2023-11-09T13:44:37Z,2023-11-24T18:54:34Z
1161,google/xls,2023-10-25T19:39:55Z,,2023-10-26T18:12:29Z,2023-10-26T18:21:38Z
1160,antmicro/xls,2023-10-23T16:51:31Z,,,2025-04-23T23:08:57Z
1157,proppy/xls,2023-10-19T13:56:47Z,,2023-10-19T14:46:42Z,2023-10-23T12:57:09Z
1147,proppy/xls,2023-10-07T01:07:34Z,,2023-10-18T08:00:15Z,2023-10-18T17:49:10Z
1139,ericastor/xls-z3bump,2023-10-02T18:02:00Z,,2023-10-02T18:02:38Z,2023-10-02T18:30:24Z
1137,antmicro/xls,2023-09-28T15:34:20Z,2023-09-28T15:34:20Z,,2025-04-23T23:08:38Z
1136,proppy/xls,2023-09-28T08:42:52Z,,,2023-10-02T16:37:37Z
1132,hzeller/xls,2023-09-24T23:41:47Z,,2023-09-25T19:32:13Z,2023-09-25T20:55:15Z
1123,antmicro/xls,2023-08-31T14:47:43Z,,,2024-04-02T08:41:10Z
1114,antmicro/xls,2023-08-23T12:51:06Z,2023-08-24T12:49:53Z,2023-08-24T13:40:10Z,2023-08-25T00:08:37Z
1102,cdleary/xls,2023-08-15T05:32:49Z,2023-08-15T05:32:49Z,2023-08-15T06:36:02Z,2023-08-15T16:25:59Z
1096,cdleary/xls,2023-08-08T23:44:09Z,,2023-08-09T00:20:27Z,2023-08-09T02:38:03Z
1095,cdleary/xls,2023-08-08T19:19:02Z,2023-08-08T19:19:02Z,2023-08-08T22:17:17Z,2023-08-08T23:31:35Z
1093,grebe/xls,2023-08-07T18:35:54Z,2023-08-07T18:35:54Z,2023-08-09T19:25:49Z,2023-08-21T21:53:11Z
1092,antmicro/xls,2023-08-03T13:28:00Z,,,2024-08-19T04:24:35Z
1079,antmicro/xls,2023-07-25T17:16:33Z,,,2023-08-03T13:28:20Z
1078,antmicro/xls,2023-07-25T10:28:23Z,,2023-08-21T21:23:58Z,2023-08-21T21:36:03Z
1076,hzeller/xls,2023-07-23T15:04:42Z,2023-07-23T15:05:00Z,2023-07-23T20:29:07Z,2023-07-23T20:36:27Z
1075,antmicro/xls,2023-07-21T17:57:44Z,,,2023-07-25T17:16:58Z
1073,antmicro/xls,2023-07-20T08:13:23Z,,2023-07-20T08:38:29Z,2023-07-20T16:14:31Z
1072,j2kun/xls,2023-07-19T23:20:58Z,,,2023-07-23T21:57:29Z
1066,mdagois/xls,2023-07-18T02:47:09Z,,2024-02-21T15:42:13Z,2024-02-21T16:02:05Z
1057,antmicro/xls,2023-07-10T13:42:49Z,2023-07-21T20:37:37Z,,2024-10-03T09:33:05Z
1052,antmicro/xls,2023-07-03T16:33:57Z,,,2024-08-19T04:24:33Z
1038,antmicro/xls,2023-06-20T17:02:53Z,,,2023-07-24T10:26:27Z
1033,antmicro/xls,2023-06-19T12:40:19Z,,2023-06-20T17:18:52Z,2023-06-20T21:07:07Z
1031,antmicro/xls,2023-06-16T13:46:05Z,,2023-08-24T14:08:53Z,2023-12-28T23:30:21Z
1025,antmicro/xls,2023-06-13T13:43:08Z,,2023-06-16T17:08:17Z,2023-06-16T19:29:15Z
1012,antmicro/xls,2023-06-05T15:44:16Z,,,2024-04-03T08:29:38Z
1009,antmicro/xls,2023-06-02T11:31:34Z,,2023-06-02T18:01:46Z,2023-06-02T19:58:54Z
1008,antmicro/xls,2023-06-01T14:03:35Z,,,2023-10-06T12:32:34Z
1007,antmicro/xls,2023-06-01T14:00:34Z,,,2023-10-06T12:30:00Z
1006,antmicro/xls,2023-06-01T13:47:07Z,,2023-07-17T15:15:12Z,2023-07-19T20:50:53Z
1005,antmicro/xls,2023-06-01T12:53:39Z,,,2023-10-06T12:26:24Z
1004,antmicro/xls,2023-06-01T12:33:05Z,,,2023-10-06T12:24:44Z
1003,antmicro/xls,2023-06-01T12:25:06Z,,,2023-06-05T15:22:42Z
990,antmicro/xls,2023-05-26T20:53:38Z,2023-06-21T12:00:57Z,2023-07-19T13:36:14Z,2023-07-19T17:20:56Z
987,antmicro/xls,2023-05-26T17:23:08Z,,,2023-05-30T12:52:29Z
986,antmicro/xls,2023-05-26T16:36:52Z,,,
985,antmicro/xls,2023-05-26T16:31:55Z,,2023-06-02T20:03:59Z,2023-06-02T20:37:44Z
982,antmicro/xls,2023-05-24T22:55:24Z,,,2023-05-26T02:20:41Z
977,antmicro/xls,2023-05-23T17:01:49Z,,,2023-05-26T02:16:48Z
974,antmicro/xls,2023-05-23T08:57:13Z,,2023-07-17T09:19:35Z,2023-07-19T07:46:54Z
973,antmicro/xls,2023-05-23T08:25:12Z,,,2023-05-24T14:03:36Z
966,mdagois/xls,2023-05-17T16:48:34Z,,2023-05-23T22:00:55Z,2023-06-12T21:34:23Z
964,antmicro/xls,2023-05-17T13:45:10Z,2024-03-27T04:03:14Z,,2024-03-27T12:40:09Z
958,antmicro/xls,2023-05-16T15:31:30Z,2023-05-17T07:50:12Z,2023-05-17T16:47:19Z,2023-05-18T18:33:59Z
956,mdagois/xls,2023-05-14T14:36:10Z,,2023-05-22T20:35:30Z,2023-06-07T01:24:07Z
946,google/xls,2023-05-02T00:31:29Z,,2023-05-22T20:36:40Z,2023-05-23T17:47:40Z
935,proppy/xls,2023-04-20T15:43:31Z,2023-04-20T15:43:57Z,2023-05-22T20:35:51Z,2024-05-31T04:08:04Z
932,proppy/xls,2023-04-14T02:53:11Z,2023-06-26T09:10:53Z,2023-04-19T19:38:20Z,2024-04-03T12:49:48Z
928,proppy/xls,2023-04-10T15:01:16Z,2023-04-10T15:01:39Z,2023-04-27T23:42:37Z,2023-04-28T00:13:28Z
925,proppy/xls,2023-04-07T01:27:28Z,2023-04-07T01:27:32Z,2023-04-07T01:28:16Z,2023-04-07T20:13:50Z
901,,2023-03-19T01:07:42Z,,,2023-03-19T01:07:49Z
900,,2023-03-19T00:57:11Z,,,2023-03-19T00:57:20Z
880,grebe/xls,2023-03-03T22:40:17Z,,2023-03-09T19:10:10Z,2023-03-09T19:28:35Z
879,grebe/xls,2023-03-03T22:39:59Z,,2023-03-03T22:48:17Z,2023-03-04T01:34:13Z
876,proppy/xls,2023-03-03T07:17:24Z,,2023-03-03T07:58:23Z,2023-03-10T01:18:41Z
875,proppy/xls,2023-03-03T06:57:59Z,,2023-03-03T06:59:00Z,2023-03-03T07:53:53Z
863,google/xls,2023-02-16T02:05:15Z,,,2023-02-18T01:43:16Z
860,hzeller/xls,2023-02-13T21:13:05Z,,,2023-02-13T21:27:49Z
856,hzeller/xls,2023-02-09T21:00:34Z,2023-02-09T21:44:11Z,2023-02-09T21:43:59Z,2023-02-09T22:36:38Z
855,hzeller/xls,2023-02-09T20:43:22Z,,2023-02-09T21:35:36Z,2023-02-09T21:47:23Z
837,mdagois/xls,2023-01-17T06:16:35Z,,2023-01-21T20:22:20Z,2023-02-15T17:20:43Z
819,xls-interested/xls,2023-01-12T21:46:34Z,,2023-03-28T21:33:30Z,2023-04-28T00:01:09Z
807,proppy/xls,2022-12-14T08:43:21Z,,2022-12-15T01:57:17Z,2022-12-15T18:47:10Z
726,proppy/xls,2022-09-28T22:27:51Z,,2022-09-28T22:31:04Z,2023-10-09T23:04:05Z
721,cdleary/xls,2022-09-27T04:01:29Z,,2022-10-18T00:22:08Z,2022-10-18T23:36:19Z
720,rhundt/xls,2022-09-23T20:52:19Z,,2022-09-26T20:45:08Z,2022-09-27T03:39:07Z
719,hundt98847/xls,2022-09-23T04:59:25Z,,,2022-09-23T18:23:50Z
714,proppy/xls,2022-09-21T12:02:06Z,,2022-09-21T23:45:44Z,2022-09-22T15:33:11Z
710,proppy/xls,2022-09-20T18:29:50Z,,2022-09-21T00:40:24Z,2022-09-21T01:02:12Z
682,cgyurgyik/xls,2022-08-30T15:58:50Z,,2022-08-30T17:25:28Z,2022-08-31T17:27:33Z
650,zihaoli-cn/xls,2022-07-03T12:55:23Z,2022-08-22T19:13:28Z,2022-08-22T19:18:56Z,2022-09-20T21:35:17Z
642,,2022-06-17T16:43:16Z,,2022-08-22T19:06:14Z,2022-08-22T19:24:41Z
619,zihaoli-cn/xls,2022-05-11T06:01:02Z,,2022-05-20T07:32:44Z,2022-05-25T21:33:38Z
599,,2022-03-28T00:05:24Z,2022-04-11T23:37:39Z,2022-06-14T16:53:21Z,2022-06-14T20:33:40Z
595,netskink/xls,2022-03-22T16:32:11Z,,,2024-03-27T03:47:49Z
533,lachlansneff/xls,2021-12-08T06:26:21Z,,2022-01-21T05:14:39Z,2022-01-21T23:34:27Z
519,dnmiller/xls,2021-11-09T06:13:38Z,,2021-11-09T19:43:12Z,2021-11-09T20:58:40Z
518,dnmiller/xls,2021-11-09T05:55:42Z,,2021-11-09T20:59:03Z,2021-11-09T21:33:58Z
515,,2021-10-28T16:16:50Z,,2021-11-01T18:44:49Z,2021-11-01T19:10:12Z
512,Stonesjtu/xls,2021-10-25T06:26:05Z,,2021-10-25T15:08:43Z,2021-10-26T04:11:12Z
505,QuantamHD/xls,2021-10-01T23:44:37Z,2021-10-04T18:57:31Z,2021-10-04T18:58:55Z,2022-01-22T00:45:29Z
493,QuantamHD/xls,2021-09-13T18:07:24Z,2021-09-13T21:33:45Z,2021-09-20T18:29:57Z,2021-09-25T01:58:47Z
485,malchev/xls,2021-08-26T20:52:36Z,2021-08-26T21:12:02Z,2021-08-26T21:15:03Z,2021-08-27T16:46:53Z
484,proppy/xls,2021-08-18T04:11:53Z,2021-09-13T21:38:35Z,,2024-03-27T03:46:17Z
482,proppy/xls,2021-08-12T02:55:41Z,,2021-08-12T18:16:27Z,2021-08-13T16:39:29Z
478,proppy/xls,2021-08-09T23:59:16Z,2021-09-13T21:49:47Z,2021-09-20T21:04:23Z,2021-09-20T21:34:33Z
468,proppy/xls,2021-07-29T17:35:50Z,2021-07-29T22:07:32Z,2021-08-27T16:44:15Z,2021-09-27T23:27:12Z
467,proppy/xls,2021-07-29T02:25:17Z,2021-07-29T02:31:40Z,2021-07-29T02:28:53Z,2021-07-29T02:36:12Z
464,google/xls,2021-07-21T22:15:10Z,,2021-07-22T00:39:55Z,2021-07-22T04:40:29Z
456,proppy/xls,2021-07-01T15:14:08Z,,2021-07-22T17:18:23Z,2021-07-29T23:46:47Z
454,proppy/xls,2021-06-30T00:46:24Z,,2021-07-16T20:19:02Z,2021-07-29T02:29:34Z
446,felixzhuologist/xls,2021-06-15T15:21:49Z,2021-08-13T18:05:37Z,,2021-08-27T16:41:22Z
432,google/xls,2021-05-15T21:39:30Z,2021-05-15T21:39:34Z,,2024-03-27T03:44:14Z
428,google/xls,2021-05-10T14:19:03Z,2021-05-10T14:19:03Z,2021-06-23T21:13:50Z,2021-06-24T06:24:00Z
395,google/xls,2021-04-15T20:45:09Z,2021-04-15T20:45:09Z,2021-04-16T22:33:54Z,2021-05-05T17:11:32Z
391,google/xls,2021-04-13T00:24:30Z,2021-04-13T00:24:54Z,2021-05-04T16:37:38Z,2021-05-05T18:16:39Z
379,cdleary/xls,2021-04-07T20:41:30Z,,2021-04-07T20:41:59Z,2021-04-21T19:49:48Z
369,cdleary/xls,2021-04-01T08:07:09Z,,2021-04-01T08:07:24Z,2021-04-01T22:13:44Z
364,google/xls,2021-03-30T14:28:07Z,,,2021-04-13T15:40:05Z
361,google/xls,2021-03-29T19:09:23Z,,,2021-03-29T19:10:25Z
353,google/xls,2021-03-23T18:46:27Z,,,2021-03-24T16:25:36Z
351,google/xls,2021-03-22T00:11:32Z,2021-03-22T00:11:32Z,2021-04-06T18:40:28Z,2021-04-07T19:25:29Z
347,google/xls,2021-03-20T05:00:50Z,,,2021-03-20T05:03:45Z
336,google/xls,2021-03-15T18:47:01Z,2021-03-15T19:00:08Z,2021-04-06T18:55:17Z,2021-04-07T20:10:31Z
314,briansrls/xls,2021-02-26T02:43:32Z,,2021-02-26T06:08:19Z,2021-02-26T06:14:45Z
307,google/xls,2021-02-22T20:00:55Z,2021-02-22T20:00:55Z,2021-03-10T17:18:30Z,2021-03-12T18:23:16Z
301,albert-magyar/xls,2021-02-13T02:24:36Z,2021-02-13T02:33:52Z,2021-02-13T17:14:56Z,2021-02-17T18:53:50Z
285,google/xls,2021-01-29T00:52:03Z,2021-01-29T00:52:13Z,2021-03-07T22:34:24Z,2021-04-06T03:43:24Z
284,google/xls,2021-01-28T22:58:09Z,2021-01-28T22:58:09Z,2021-02-05T17:23:09Z,2021-04-07T15:49:07Z
257,lromor/xls,2021-01-12T20:06:17Z,,2021-01-20T01:20:59Z,2021-01-20T16:07:50Z
240,google/xls,2020-12-27T19:46:57Z,2020-12-27T19:47:07Z,2021-01-19T18:12:21Z,2021-01-20T16:06:18Z
239,masc-ucsc/xls,2020-12-23T06:27:03Z,,,2024-02-29T01:09:57Z
233,google/xls,2020-12-15T21:11:46Z,2020-12-15T21:15:59Z,2020-12-22T19:37:49Z,2020-12-28T20:01:37Z
227,lromor/xls,2020-12-10T14:31:45Z,2020-12-21T18:09:49Z,2021-01-12T18:53:33Z,2021-01-20T16:07:17Z
221,google/xls,2020-12-02T13:51:10Z,2020-12-02T13:51:10Z,2020-12-21T18:52:26Z,2020-12-21T23:22:41Z
219,felixzhuologist/xls,2020-11-26T03:32:59Z,2020-11-26T03:32:59Z,2020-12-05T22:22:30Z,2020-12-08T22:29:00Z
213,google/xls,2020-11-20T22:32:53Z,2020-11-20T22:32:53Z,2020-12-01T20:01:24Z,2020-12-05T22:17:29Z
210,google/xls,2020-11-20T13:46:27Z,2020-11-20T13:49:07Z,2020-12-01T19:58:57Z,2020-12-05T22:14:27Z
189,cdleary/xls,2020-11-09T05:51:33Z,2020-11-09T05:51:33Z,2020-11-09T19:00:27Z,2020-11-09T21:46:22Z
183,google/xls,2020-11-06T00:11:44Z,2020-11-06T00:11:44Z,2020-11-10T22:40:55Z,2020-11-20T22:11:59Z
179,google/xls,2020-11-03T15:20:14Z,2020-11-03T15:20:26Z,2020-11-09T19:25:57Z,2020-11-19T19:14:45Z
178,google/xls,2020-11-02T01:25:10Z,2020-11-02T01:25:23Z,2020-11-02T22:44:38Z,2020-11-03T01:03:25Z
171,cdleary/xls,2020-10-28T20:49:24Z,2020-10-28T20:49:37Z,2020-10-28T21:38:59Z,2020-10-28T23:10:00Z
169,felixzhuologist/xls,2020-10-26T23:12:11Z,,2020-11-04T18:01:41Z,2020-11-04T19:00:13Z
167,google/xls,2020-10-22T19:46:24Z,2020-10-22T19:51:41Z,,2020-10-30T16:10:47Z
158,,2020-10-10T01:02:15Z,,,2020-10-13T23:24:56Z
155,,2020-10-06T23:23:54Z,2020-10-09T18:49:28Z,,2020-10-13T23:24:39Z
154,google/xls,2020-10-06T22:17:50Z,2020-10-10T13:22:04Z,2020-10-22T15:32:25Z,2020-10-22T16:43:55Z
153,cbalint13/xls,2020-10-05T20:11:29Z,2020-10-13T23:26:09Z,,2024-03-27T03:45:44Z
151,cbalint13/xls,2020-10-03T21:35:14Z,2020-10-04T03:58:29Z,2020-10-04T03:58:27Z,2020-10-04T06:23:49Z
148,felixzhuologist/xls,2020-09-25T20:51:52Z,2020-09-27T00:53:23Z,2020-10-20T20:03:45Z,2020-10-22T22:21:18Z
147,felixzhuologist/xls,2020-09-25T16:46:59Z,2020-09-25T20:42:11Z,2020-10-05T20:20:45Z,2020-10-15T19:49:34Z
138,ted-xie/xls,2020-09-13T00:32:57Z,,2020-09-13T00:35:04Z,2020-09-13T01:06:14Z
137,google/xls,2020-09-10T06:02:56Z,2020-09-10T06:02:56Z,2020-09-11T03:19:54Z,2020-09-11T20:33:30Z
136,google/xls,2020-09-10T05:04:49Z,,2020-09-10T05:11:07Z,2020-09-10T18:31:55Z
134,Blaok/xls,2020-09-06T01:28:31Z,,2020-09-06T02:32:10Z,2020-09-08T16:51:31Z
127,felixzhuologist/xls,2020-08-31T23:03:27Z,,2020-09-01T05:41:11Z,2020-09-02T20:50:45Z
121,google/xls,2020-08-28T18:35:23Z,2020-08-28T18:35:23Z,2020-08-28T22:33:13Z,2020-08-29T01:55:29Z
119,felixzhuologist/xls,2020-08-28T00:28:35Z,,2020-08-28T02:54:05Z,2020-08-28T15:11:54Z
117,google/xls,2020-08-26T16:07:08Z,,2020-08-26T16:18:34Z,2020-08-26T19:19:44Z
114,google/xls,2020-08-21T18:09:10Z,2020-08-21T18:09:16Z,2020-08-21T20:16:51Z,2020-08-21T20:50:05Z
113,google/xls,2020-08-21T15:29:35Z,2020-08-21T17:04:17Z,,2020-08-26T16:06:17Z
112,google/xls,2020-08-21T14:27:02Z,,,2020-08-21T15:29:47Z
111,google/xls,2020-08-20T23:38:22Z,,2020-08-20T23:38:30Z,2020-09-07T19:32:33Z
110,google/xls,2020-08-20T17:03:19Z,,2020-08-20T17:03:34Z,2020-08-20T17:10:41Z
109,google/xls,2020-08-20T16:03:57Z,,2020-08-20T16:04:28Z,2020-08-20T17:06:52Z
107,google/xls,2020-08-20T01:19:33Z,,2020-08-20T01:19:40Z,2020-08-20T15:00:28Z
106,google/xls,2020-08-20T01:14:49Z,,2020-08-20T01:14:55Z,2020-08-20T15:04:15Z
105,google/xls,2020-08-20T01:01:45Z,,2020-08-20T01:01:55Z,2020-08-20T15:04:19Z
104,google/xls,2020-08-19T21:10:43Z,,2020-08-19T21:11:00Z,2020-08-20T00:33:28Z
103,google/xls,2020-08-19T01:56:42Z,2020-08-19T01:57:12Z,2020-08-20T01:22:36Z,2020-08-21T20:15:08Z
102,,2020-08-19T00:40:18Z,,2020-08-19T00:40:48Z,2020-08-19T15:46:22Z
101,google/xls,2020-08-18T17:05:07Z,,,2020-08-18T17:08:52Z
100,,2020-08-17T22:22:54Z,,2020-08-17T22:27:15Z,2020-08-18T15:56:24Z
99,google/xls,2020-08-17T21:35:41Z,,2020-08-17T21:56:07Z,2020-08-18T21:27:12Z
96,google/xls,2020-08-14T03:25:11Z,2020-08-14T03:33:16Z,2020-08-14T06:40:53Z,2020-08-19T19:25:15Z
95,google/xls,2020-08-13T21:41:50Z,,2020-08-13T21:50:59Z,2020-08-20T15:10:46Z
94,brajiang/xls-1,2020-08-13T20:37:52Z,2020-08-14T00:26:01Z,2020-08-26T01:19:20Z,2020-09-10T05:16:19Z
93,,2020-08-13T19:16:19Z,2020-08-13T19:16:20Z,2020-08-13T19:24:59Z,2020-08-13T22:15:27Z
92,google/xls,2020-08-13T18:21:33Z,,2020-08-13T18:21:45Z,2020-08-13T18:32:34Z
91,google/xls,2020-08-13T18:21:03Z,,,2020-08-13T18:21:20Z
90,brajiang/xls-1,2020-08-13T17:42:31Z,2020-08-13T17:54:42Z,2020-08-13T18:35:35Z,2021-08-27T16:21:24Z
89,,2020-08-13T05:51:42Z,2020-08-13T05:51:42Z,,2020-08-13T18:02:05Z
87,google/xls,2020-08-13T02:38:37Z,,,2020-08-20T17:07:18Z
85,google/xls,2020-08-11T18:37:29Z,2020-08-11T18:37:34Z,2020-08-14T06:41:17Z,2020-08-17T23:34:53Z
83,google/xls,2020-08-10T20:20:08Z,,2020-08-17T17:06:12Z,2020-08-26T19:21:51Z
80,,2020-08-09T19:23:04Z,2020-08-09T19:23:04Z,,2020-09-10T05:27:01Z
73,,2020-08-05T05:10:11Z,2020-08-05T05:10:11Z,2020-08-06T05:52:30Z,2020-08-06T18:05:57Z
71,,2020-08-04T07:01:32Z,2020-08-04T07:01:32Z,2020-08-04T19:18:59Z,2020-08-04T21:09:52Z
70,google/xls,2020-08-03T19:38:12Z,2020-08-03T19:38:24Z,2020-08-09T22:44:11Z,2020-08-10T17:22:56Z
69,brajiang/xls-1,2020-07-31T01:15:48Z,2020-07-31T01:17:19Z,2020-08-06T19:15:27Z,2020-08-10T17:57:51Z
66,google/xls,2020-07-27T17:39:56Z,2020-07-28T21:17:44Z,2020-07-27T17:41:21Z,2020-08-06T17:55:48Z
65,google/xls,2020-07-24T18:38:02Z,2020-07-24T18:38:06Z,2020-07-24T18:58:28Z,2020-07-24T22:46:16Z
64,google/xls,2020-07-23T17:18:33Z,2020-08-11T16:51:17Z,2020-08-17T17:05:42Z,2020-08-17T18:54:51Z
63,google/xls,2020-07-22T21:44:45Z,2020-08-05T23:49:54Z,,2020-08-13T21:40:54Z
62,google/xls,2020-07-22T18:46:14Z,,2020-08-05T02:40:57Z,2020-08-05T23:11:42Z
61,google/xls,2020-07-21T22:57:29Z,2020-08-06T05:58:08Z,2020-08-10T00:57:17Z,2020-08-17T17:05:13Z
60,google/xls,2020-07-21T02:01:48Z,,2020-07-21T17:15:24Z,2020-07-22T22:11:23Z
59,google/xls,2020-07-17T22:27:02Z,2020-07-17T22:27:07Z,2020-07-22T17:49:02Z,2020-07-22T23:16:18Z
57,google/xls,2020-07-13T16:01:27Z,2020-07-13T16:01:45Z,,2020-07-13T20:49:29Z
54,google/xls,2020-07-10T20:58:42Z,2020-07-10T20:58:48Z,,2020-07-13T15:36:01Z
52,,2020-07-09T19:56:42Z,2020-07-09T19:56:42Z,2020-07-10T17:47:40Z,2020-07-14T00:41:04Z
51,google/xls,2020-07-09T19:34:23Z,,,2020-08-20T15:10:14Z
49,brajiang/xls-1,2020-07-07T22:16:40Z,2020-07-08T00:11:51Z,2020-07-20T22:22:05Z,2020-08-17T18:04:26Z
48,brajiang/xls-1,2020-07-07T22:04:38Z,,,2020-07-07T22:05:18Z
46,google/xls,2020-07-06T15:21:58Z,2020-07-06T17:37:17Z,2020-07-07T01:24:50Z,2020-07-17T17:53:26Z
45,spurserh/xls,2020-07-02T02:09:19Z,2020-07-02T02:12:23Z,2020-07-02T03:49:35Z,2020-09-07T19:32:16Z
39,google/xls,2020-06-26T20:32:28Z,,2020-08-13T21:04:44Z,2020-08-20T15:11:33Z
38,google/xls,2020-06-26T16:18:18Z,,2020-07-16T20:06:50Z,2020-07-17T17:53:54Z
36,google/xls,2020-06-23T23:19:16Z,2020-06-23T23:36:48Z,2020-06-25T16:52:18Z,2020-06-25T17:33:31Z
35,google/xls,2020-06-23T21:24:50Z,2020-06-23T21:39:29Z,2020-06-25T00:43:13Z,2020-07-06T20:55:17Z
34,google/xls,2020-06-22T23:21:29Z,,,2020-06-23T23:14:29Z
33,google/xls,2020-06-22T18:12:17Z,,2020-06-22T18:19:15Z,2020-06-22T18:33:09Z
32,google/xls,2020-06-19T19:18:10Z,2020-06-19T20:30:40Z,2020-06-19T19:53:40Z,2020-06-19T23:05:43Z
31,google/xls,2020-06-19T18:52:45Z,,2020-06-19T19:06:31Z,2020-06-19T19:11:23Z
27,google/xls,2020-06-17T21:06:05Z,,,2020-06-19T18:49:46Z
26,google/xls,2020-06-17T20:41:16Z,,,2020-06-17T21:25:34Z
20,google/xls,2020-06-13T02:15:11Z,2020-06-17T17:27:00Z,,2020-06-17T19:03:36Z
15,google/xls,2020-06-08T23:40:24Z,2020-06-08T23:40:40Z,,2020-06-17T02:38:47Z
14,google/xls,2020-06-04T23:28:04Z,,,2020-06-11T16:41:05Z
